IDENT,MODCOHA,NBPERS,NBPIECES,AGE,DIPL,PCS,ACT,PATRIMOINE,REV_DISPONIBLE,REV_AV_REDISTRIB,ADULTE,ENFANT_MOINS14,ENFANT_PLUS14,UC,NV,ALEA,REPONDANT,TYPE_LOG,JARDIN_INDIC,PISCINE_IND,SUPERF_JARDIN,SUPERF_LOG
G5415,1,1,4,77,0,8,0,7770,10677,"5338,5",1,0,0,1,10677,0,1,appartement,pas de jardin,pas de piscine,0,75
G0992,1,1,2,71,0,8,0,40072,10749,"5374,5",1,0,0,1,10749,1,1,maison,jardin,pas de piscine,120,50
G0604,1,1,2,61,1,8,0,1344,10909,"5454,5",1,0,0,1,10909,1,1,appartement,pas de jardin,pas de piscine,0,20
G4311,3,2,4,61,6,8,0,40147,11122,5561,1,0,1,"1,5","7414,66666666667",0,1,maison,jardin,pas de piscine,440,88
G0451,1,1,3,18,4,8,0,0,11216,5608,1,0,0,1,11216,0,1,appartement,pas de jardin,pas de piscine,0,80
G5401,1,1,1,26,6,8,0,40204,11602,5801,1,0,0,1,11602,1,1,appartement,pas de jardin,pas de piscine,0,50
G0052,3,2,2,89,0,7,0,52628,12616,6308,1,0,1,"1,5","8410,66666666667",0,1,appartement,pas de jardin,pas de piscine,0,55
G5375,1,1,1,68,0,7,0,125407,12681,"6340,5",1,0,0,1,12681,0,1,maison,pas de jardin,pas de piscine,0,40
G1688,1,1,2,70,0,7,0,70407,12708,6354,1,0,0,1,12708,0,1,maison,pas de jardin,pas de piscine,0,45
G0083,3,2,3,79,0,7,0,52218,12742,6371,1,0,1,"1,5","8494,66666666667",0,1,appartement,pas de jardin,pas de piscine,0,80
G5393,1,1,2,93,0,7,0,58980,12746,6373,1,0,0,1,12746,0,1,appartement,pas de jardin,pas de piscine,0,45
G2896,1,1,4,83,0,7,0,54648,12772,6386,1,0,0,1,12772,1,1,appartement,pas de jardin,pas de piscine,0,70
G4425,3,2,3,77,0,7,0,57688,12781,"6390,5",1,0,1,"1,5","8520,66666666667",0,1,appartement,pas de jardin,pas de piscine,0,65
G0806,3,2,4,63,0,7,0,126276,12797,"6398,5",1,0,1,"1,5","8531,33333333333",0,1,maison,jardin,piscine,217,100
G0163,1,1,1,85,0,7,0,58771,12816,6408,1,0,0,1,12816,1,1,appartement,pas de jardin,pas de piscine,0,25
G3588,1,1,3,62,0,7,0,85883,12818,6409,1,0,0,1,12818,1,1,appartement,pas de jardin,pas de piscine,0,64
G1352,1,1,4,67,0,7,0,62855,12827,"6413,5",1,0,0,1,12827,0,1,appartement,pas de jardin,pas de piscine,0,75
G1790,1,1,2,72,0,7,0,52068,12829,"6414,5",1,0,0,1,12829,1,1,appartement,pas de jardin,pas de piscine,0,66
G3219,1,1,2,75,0,7,0,57925,12843,"6421,5",1,0,0,1,12843,0,1,appartement,pas de jardin,pas de piscine,0,54
G3475,1,1,4,68,1,7,0,77500,12886,"9594,9156",1,0,0,1,12886,0,1,maison,jardin,pas de piscine,673,110
G1772,1,1,1,78,0,7,0,64250,12901,"9606,0846",1,0,0,1,12901,1,1,appartement,pas de jardin,pas de piscine,0,35
G4879,1,1,2,61,0,7,0,69718,12913,"9615,0198",1,0,0,1,12913,0,1,appartement,pas de jardin,pas de piscine,0,60
G4541,1,1,1,97,0,7,0,71642,12947,"9640,3362",1,0,0,1,12947,0,1,maison,jardin,pas de piscine,85,32
G5047,1,1,4,60,0,7,0,81035,12947,"9640,3362",1,0,0,1,12947,1,1,maison,jardin,piscine,390,80
G5007,1,1,1,82,1,7,0,69986,13005,"9683,523",1,0,0,1,13005,1,1,appartement,pas de jardin,pas de piscine,0,50
G4638,1,1,2,69,1,7,0,65830,13032,"9703,6272",1,0,0,1,13032,1,1,appartement,pas de jardin,pas de piscine,0,38
G4588,1,1,2,87,1,7,0,65130,13072,"9733,4112",1,0,0,1,13072,0,1,appartement,pas de jardin,pas de piscine,0,52
G5306,1,1,1,70,1,7,0,69581,13076,"9736,3896",1,0,0,1,13076,0,1,appartement,pas de jardin,pas de piscine,0,40
G2655,1,1,1,90,1,7,0,63809,13086,"9743,8356",1,0,0,1,13086,1,1,maison,pas de jardin,pas de piscine,0,60
G1184,1,1,2,82,1,7,0,51713,13098,"9752,7708",1,0,0,1,13098,1,1,appartement,pas de jardin,pas de piscine,0,60
G0631,1,1,1,87,1,7,0,53466,13100,"9754,26",1,0,0,1,13100,1,1,appartement,pas de jardin,pas de piscine,0,22
G3905,1,1,2,62,1,7,0,66708,13125,"9772,875",1,0,0,1,13125,1,1,appartement,pas de jardin,pas de piscine,0,50
G3877,1,1,1,62,1,7,0,66707,13139,"9783,2994",1,0,0,1,13139,0,1,appartement,pas de jardin,pas de piscine,0,34
G4535,1,1,3,97,1,7,0,55380,13156,"9795,9576",1,0,0,1,13156,1,1,appartement,pas de jardin,pas de piscine,0,80
G2772,1,1,2,57,1,7,0,71841,13157,"9796,7022",1,0,0,1,13157,1,1,appartement,pas de jardin,pas de piscine,0,41
G4373,1,1,1,74,1,7,0,63474,13228,"9849,5688",1,0,0,1,13228,1,1,appartement,pas de jardin,pas de piscine,0,40
G2517,1,1,2,67,2,7,0,73845,13231,"9851,8026",1,0,0,1,13231,1,1,appartement,pas de jardin,pas de piscine,0,44
G5327,3,2,4,61,3,7,0,66522,13253,"9868,1838",1,0,1,"1,5","8835,33333333333",0,1,appartement,pas de jardin,pas de piscine,0,85
G1484,3,4,6,65,3,7,0,79751,13300,"9903,18",1,0,3,"2,5",5320,0,1,appartement,pas de jardin,pas de piscine,0,135
G0731,1,1,2,66,3,7,0,125307,13326,"9922,5396",1,0,0,1,13326,0,1,maison,jardin,piscine,450,54
G3991,1,1,3,61,3,7,0,72753,13349,"9939,6654",1,0,0,1,13349,1,1,appartement,pas de jardin,pas de piscine,0,70
G3427,1,1,1,77,3,7,0,53638,13364,"9950,8344",1,0,0,1,13364,0,1,maison,jardin,pas de piscine,240,25
G1547,1,1,2,65,5,7,0,68438,13915,"10361,109",1,0,0,1,13915,1,1,appartement,pas de jardin,pas de piscine,0,36
G1535,3,2,3,65,5,7,0,64924,13915,"10361,109",1,0,1,"1,5","9276,66666666667",1,1,appartement,pas de jardin,pas de piscine,0,80
G2568,1,1,2,83,6,7,0,64931,14024,"10442,2704",1,0,0,1,14024,1,1,appartement,pas de jardin,pas de piscine,0,35
G2075,2,4,4,28,0,8,0,0,14718,"12054,042",2,2,0,"2,1","7008,57142857143",0,1,maison,jardin,pas de piscine,650,125
G2696,2,4,7,92,1,8,0,9588,15228,"12471,732",2,0,2,"2,5","6091,2",1,1,appartement,pas de jardin,pas de piscine,0,160
G3040,2,3,5,38,3,8,0,0,15520,"12710,88",2,1,0,"1,8","8622,22222222222",1,1,appartement,pas de jardin,pas de piscine,0,120
G3314,2,3,5,26,4,8,0,2602,16092,"13179,348",2,1,0,"1,8",8940,1,1,appartement,pas de jardin,pas de piscine,0,110
G1141,2,5,5,50,4,8,0,8997,16100,"13185,9",2,2,1,"2,6","6192,30769230769",1,1,appartement,pas de jardin,pas de piscine,0,120
G2940,2,3,5,21,5,8,0,0,16413,"13442,247",2,1,0,"1,8","9118,33333333333",1,1,appartement,pas de jardin,pas de piscine,0,95
G2580,2,4,8,29,5,8,0,342,16511,"13522,509",2,2,0,"2,1","7862,38095238095",0,1,appartement,pas de jardin,pas de piscine,0,180
G2345,2,5,5,25,6,8,0,880,16850,"13800,15",2,3,0,"2,4","7020,83333333333",1,1,maison,jardin,pas de piscine,850,165
G3388,2,5,5,25,6,8,0,0,16938,"13872,222",2,3,0,"2,4","7057,5",1,1,maison,jardin,pas de piscine,1200,110
G0760,4,2,2,25,2,8,0,0,17357,"14215,383",2,0,0,"1,5","11571,3333333333",1,1,appartement,pas de jardin,pas de piscine,0,38
G1282,4,2,2,38,3,8,0,3500,17831,"14603,589",2,0,0,"1,5","11887,3333333333",0,1,appartement,pas de jardin,pas de piscine,0,60
G0232,4,2,2,24,4,8,0,3576,18256,"14951,664",2,0,0,"1,5","12170,6666666667",1,1,appartement,pas de jardin,pas de piscine,0,55
G0483,4,2,3,69,5,8,0,2625,18597,"15230,943",2,0,0,"1,5",12398,0,1,appartement,pas de jardin,pas de piscine,0,58
G2579,4,2,3,32,6,8,0,1009,19039,"15592,941",2,0,0,"1,5","12692,6666666667",1,1,appartement,pas de jardin,pas de piscine,0,80
G4381,3,2,4,47,0,1,1,123539,19330,"15831,27",1,1,0,"1,3","14869,2307692308",0,1,maison,jardin,piscine,472,66
G5293,2,3,7,71,0,7,0,60831,19560,"16019,64",2,0,1,2,9780,0,1,appartement,pas de jardin,pas de piscine,220,170
G0076,2,5,6,69,0,7,0,75597,19587,"16041,753",2,0,3,3,6529,0,1,maison,jardin,pas de piscine,1240,140
G2313,2,3,8,66,0,7,0,74906,19641,"16085,979",2,0,1,2,"9820,5",0,1,maison,jardin,piscine,850,180
G4106,2,3,5,70,0,7,0,74451,19643,"16087,617",2,0,1,2,"9821,5",0,1,appartement,pas de jardin,pas de piscine,0,92
G0257,2,4,5,69,0,7,0,76640,19648,"16091,712",2,0,2,"2,5","7859,2",0,1,appartement,pas de jardin,pas de piscine,0,110
G5189,2,3,6,78,0,7,0,57051,19651,"16094,169",2,0,1,2,"9825,5",1,1,appartement,pas de jardin,pas de piscine,0,120
G0143,2,4,5,83,0,7,0,53285,19681,"16118,739",2,0,2,"2,5","7872,4",0,1,appartement,pas de jardin,pas de piscine,0,110
G0184,2,3,8,71,0,7,0,67932,19747,"16172,793",2,0,1,2,"9873,5",0,1,appartement,pas de jardin,pas de piscine,0,220
G5069,2,3,5,68,0,7,0,122104,19800,"16216,2",2,0,1,2,9900,1,1,appartement,pas de jardin,pas de piscine,0,95
G0655,2,4,5,70,0,7,0,77848,19806,"16221,114",2,0,2,"2,5","7922,4",0,1,appartement,pas de jardin,pas de piscine,0,98
G4400,2,3,8,66,0,7,0,120072,19816,"16229,304",2,0,1,2,9908,1,1,appartement,pas de jardin,pas de piscine,0,210
G3148,2,5,6,67,1,7,0,126008,20418,"16722,342",2,0,3,3,6806,1,1,maison,jardin,piscine,530,140
G3789,2,3,5,68,1,7,0,123520,20444,"16743,636",2,0,1,2,10222,1,1,appartement,pas de jardin,pas de piscine,0,100
G5305,2,4,6,68,1,7,0,117480,20485,"16777,215",2,0,2,"2,5",8194,0,1,appartement,pas de jardin,pas de piscine,0,140
G3400,2,3,6,88,3,7,0,127996,20897,"17114,643",2,0,1,2,"10448,5",1,1,appartement,pas de jardin,pas de piscine,0,110
G4439,2,4,8,66,3,7,0,98264,20937,"17147,403",2,0,2,"2,5","8374,8",1,1,appartement,pas de jardin,pas de piscine,0,18000
G0949,2,3,6,62,3,7,0,125213,20989,"17189,991",2,0,1,2,"10494,5",1,1,appartement,pas de jardin,pas de piscine,0,105
G2957,1,1,1,39,2,6,2,52148,21217,"17376,723",1,0,0,1,21217,0,1,appartement,pas de jardin,pas de piscine,0,18
G3235,1,1,3,56,1,6,2,70212,21344,"17480,736",1,0,0,1,21344,0,1,appartement,pas de jardin,pas de piscine,0,60
G2487,4,2,3,81,0,7,0,126192,21346,"17482,374",2,0,0,"1,5","14230,6666666667",0,1,maison,jardin,pas de piscine,180,67
G1324,4,2,2,66,0,7,0,123942,21421,"17543,799",2,0,0,"1,5","14280,6666666667",0,1,appartement,pas de jardin,pas de piscine,0,75
G0809,4,2,5,82,0,7,0,128118,21456,"18649,5552",2,0,0,"1,5",14304,1,1,maison,jardin,piscine,563,105
G2546,4,2,2,80,0,7,0,74876,21457,"18650,4244",2,0,0,"1,5","14304,6666666667",1,1,appartement,pas de jardin,pas de piscine,0,40
G0810,4,2,5,88,0,7,0,77122,21504,"18691,2768",2,0,0,"1,5",14336,1,1,maison,jardin,piscine,675,98
G1559,4,2,4,67,0,7,0,126379,21543,"18725,1756",2,0,0,"1,5",14362,1,1,appartement,pas de jardin,pas de piscine,0,82
G1529,4,2,2,74,0,7,0,77115,21561,"18740,8212",2,0,0,"1,5",14374,1,1,appartement,pas de jardin,pas de piscine,0,60
G3238,2,4,5,67,4,7,0,125604,21670,"18835,564",2,0,2,"2,5",8668,1,1,maison,jardin,piscine,378,130
G0786,1,1,3,29,3,6,2,3601,21893,"19029,3956",1,0,0,1,21893,0,1,appartement,pas de jardin,pas de piscine,0,65
G3104,4,2,5,72,1,7,0,125200,21934,"19065,0328",2,0,0,"1,5","14622,6666666667",1,1,maison,jardin,piscine,870,105
G2432,4,2,2,64,1,7,0,123788,21960,"19087,632",2,0,0,"1,5",14640,0,1,appartement,pas de jardin,pas de piscine,0,50
G0490,2,4,7,64,5,7,0,119226,22002,"19124,1384",2,0,2,"2,5","8800,8",1,1,maison,jardin,piscine,950,180
G2456,4,2,3,71,1,7,0,71363,22042,"19158,9064",2,0,0,"1,5","14694,6666666667",0,1,maison,jardin,pas de piscine,240,60
G3099,4,2,3,72,1,7,0,125111,22047,"19163,2524",2,0,0,"1,5",14698,0,1,appartement,pas de jardin,pas de piscine,0,80
G1861,4,2,3,68,1,7,0,121021,22078,"19190,1976",2,0,0,"1,5","14718,6666666667",1,1,appartement,pas de jardin,pas de piscine,0,70
G3549,2,3,4,70,5,7,0,127260,22105,"19213,666",2,0,1,2,"11052,5",0,1,maison,jardin,piscine,370,84
G0532,2,5,7,71,5,7,0,88362,22174,"19273,6408",2,0,3,3,"7391,33333333333",1,1,maison,jardin,piscine,880,220
G0065,4,2,4,68,1,7,0,127487,22220,"19313,624",2,0,0,"1,5","14813,3333333333",0,1,maison,jardin,pas de piscine,500,71
G2576,4,2,2,73,1,7,0,127074,22240,"19331,008",2,0,0,"1,5","14826,6666666667",1,1,maison,jardin,pas de piscine,350,55
G0173,4,2,2,64,1,7,0,122717,22262,"19350,1304",2,0,0,"1,5","14841,3333333333",0,1,maison,pas de jardin,pas de piscine,0,60
G4247,1,1,1,17,4,6,2,828,22377,"19450,0884",1,0,0,1,22377,0,1,appartement,pas de jardin,pas de piscine,0,20
G1447,1,1,1,36,4,6,2,6983,22419,"19486,5948",1,0,0,1,22419,0,1,appartement,pas de jardin,pas de piscine,0,27
G2549,4,2,2,79,3,7,0,126745,22441,"19505,7172",2,0,0,"1,5","14960,6666666667",1,1,appartement,pas de jardin,pas de piscine,0,55
G4828,4,2,3,61,3,7,0,120367,22487,"19545,7004",2,0,0,"1,5","14991,3333333333",0,1,appartement,pas de jardin,pas de piscine,0,75
G4585,4,2,1,70,3,7,0,123395,22514,"19569,1688",2,0,0,"1,5","15009,3333333333",1,1,appartement,pas de jardin,pas de piscine,0,40
G0398,4,2,4,73,3,7,0,75459,22573,"19620,4516",2,0,0,"1,5","15048,6666666667",1,1,maison,jardin,piscine,170,88
G4335,1,1,1,32,0,6,4,52269,22814,"19829,9288",1,0,0,1,22814,1,1,appartement,pas de jardin,pas de piscine,0,36
G3087,1,1,1,34,0,6,4,43031,22879,"19886,4268",1,0,0,1,22879,1,1,appartement,pas de jardin,pas de piscine,0,30
G2938,1,1,1,49,4,6,3,68356,22930,"19930,756",1,0,0,1,22930,0,1,appartement,pas de jardin,pas de piscine,0,45
G4624,1,1,2,26,0,6,4,0,22969,"19964,6548",1,0,0,1,22969,0,1,appartement,pas de jardin,pas de piscine,0,35
G3369,4,2,2,62,4,7,0,126137,23035,"20022,022",2,0,0,"1,5","15356,6666666667",1,1,appartement,pas de jardin,pas de piscine,0,70
G5046,1,1,1,58,2,5,4,69273,23162,"20868,962",1,0,0,1,23162,1,1,appartement,pas de jardin,pas de piscine,0,40
G2452,1,1,1,27,6,6,2,5277,23221,"20922,121",1,0,0,1,23221,1,1,appartement,pas de jardin,piscine,0,30
G4354,1,1,2,37,6,6,2,46136,23274,"20969,874",1,0,0,1,23274,1,1,appartement,pas de jardin,pas de piscine,0,40
G4391,1,1,3,58,3,5,4,75202,23367,"21053,667",1,0,0,1,23367,1,1,appartement,pas de jardin,pas de piscine,0,70
G4572,1,1,2,58,2,6,4,68025,23411,"21093,311",1,0,0,1,23411,1,1,appartement,pas de jardin,pas de piscine,0,45
G4540,1,1,2,28,3,5,4,2732,23514,"21186,114",1,0,0,1,23514,1,1,appartement,pas de jardin,pas de piscine,0,55
G4841,1,1,1,53,3,5,4,79711,23546,"21214,946",1,0,0,1,23546,0,1,appartement,pas de jardin,pas de piscine,0,70
G0622,1,1,3,38,3,5,4,54322,23551,"21219,451",1,0,0,1,23551,0,1,maison,jardin,pas de piscine,280,62
G1145,1,1,2,50,3,5,4,90006,23604,"21267,204",1,0,0,1,23604,0,1,appartement,pas de jardin,pas de piscine,0,70
G1788,1,1,1,59,1,6,4,69760,23625,"21286,125",1,0,0,1,23625,1,1,appartement,pas de jardin,pas de piscine,0,18
G4939,1,1,2,45,3,5,4,66294,23632,"21292,432",1,0,0,1,23632,0,1,appartement,pas de jardin,pas de piscine,0,38
G1921,4,2,4,77,5,7,0,74617,23679,"21334,779",2,0,0,"1,5",15786,0,1,appartement,pas de jardin,pas de piscine,0,70
G0742,1,1,3,54,4,5,4,74865,23919,"21551,019",1,0,0,1,23919,1,1,maison,jardin,piscine,260,80
G1777,1,1,1,49,6,6,3,63645,23933,"21563,633",1,0,0,1,23933,0,1,maison,pas de jardin,pas de piscine,0,32
G2444,1,1,2,54,4,5,4,71356,23980,"21605,98",1,0,0,1,23980,1,1,maison,pas de jardin,pas de piscine,0,45
G5379,1,1,3,40,3,6,4,53012,24032,"21652,832",1,0,0,1,24032,1,1,appartement,pas de jardin,pas de piscine,0,70
G3886,4,2,3,85,6,7,0,126940,24059,"21677,159",2,0,0,"1,5","16039,3333333333",0,1,appartement,pas de jardin,pas de piscine,0,69
G2637,1,1,1,42,3,6,4,44743,24060,"21678,06",1,0,0,1,24060,0,1,appartement,pas de jardin,pas de piscine,0,40
G4413,1,1,1,19,3,6,4,6300,24095,"21709,595",1,0,0,1,24095,1,1,appartement,pas de jardin,pas de piscine,0,35
G2980,4,2,3,71,6,7,0,128074,24149,"21758,249",2,0,0,"1,5","16099,3333333333",0,1,appartement,pas de jardin,pas de piscine,0,80
G5251,3,2,4,36,3,6,2,48648,24392,"21977,192",1,1,0,"1,3","18763,0769230769",0,1,maison,jardin,piscine,360,90
G2181,3,2,4,36,3,6,2,45907,24440,"22020,44",1,1,0,"1,3",18800,0,1,appartement,pas de jardin,pas de piscine,0,100
G2128,3,4,4,25,3,6,2,39884,24551,"22120,451",1,3,0,"1,9","12921,5789473684",0,1,appartement,pas de jardin,pas de piscine,0,80
G2128,3,4,4,25,3,6,2,39884,24551,"22120,451",1,3,0,"1,9","12921,5789473684",0,1,appartement,pas de jardin,pas de piscine,0,80
G4906,3,2,4,35,3,6,2,43672,24605,"22169,105",1,1,0,"1,3","18926,9230769231",0,1,appartement,pas de jardin,pas de piscine,0,80
G4906,3,2,4,35,3,6,2,43672,24605,"22169,105",1,1,0,"1,3","18926,9230769231",0,1,appartement,pas de jardin,pas de piscine,0,80
G3129,3,2,4,51,2,6,3,79424,24615,"22178,115",1,1,0,"1,3","18934,6153846154",1,1,maison,jardin,piscine,350,84
G5365,1,1,2,25,5,5,4,0,24646,"22206,046",1,0,0,1,24646,1,1,appartement,jardin,piscine,255,48
G1843,5,2,5,83,0,7,0,128548,24705,"22259,205",2,0,0,"1,5",16470,0,1,maison,jardin,piscine,456,95
G4387,1,1,1,48,5,6,4,64014,24873,"22410,573",1,0,0,1,24873,1,1,appartement,pas de jardin,pas de piscine,0,22
G1074,5,4,4,66,0,7,0,124727,24992,"22517,792",3,0,1,"2,5","9996,8",1,1,maison,jardin,pas de piscine,220,72
G4664,3,2,4,44,4,6,2,64252,25083,"22599,783",1,1,0,"1,3","19294,6153846154",1,1,appartement,pas de jardin,pas de piscine,0,80
G2365,3,2,3,39,3,6,3,42581,25287,"22783,587",1,1,0,"1,3","19451,5384615385",0,1,appartement,pas de jardin,pas de piscine,0,63
G0195,5,3,5,61,2,7,0,126763,25500,"22975,5",3,0,0,2,12750,1,1,appartement,pas de jardin,pas de piscine,0,80
G0195,5,3,5,61,2,7,0,126763,25500,"22975,5",3,0,0,2,12750,1,1,appartement,pas de jardin,pas de piscine,0,80
G0219,1,1,2,41,4,4,2,123419,25746,"23197,146",1,0,0,1,25746,0,1,appartement,pas de jardin,pas de piscine,0,75
G2272,5,3,6,86,3,7,0,125384,25863,"23302,563",3,0,0,2,"12931,5",1,1,appartement,pas de jardin,pas de piscine,0,80
G2272,5,3,6,86,3,7,0,125384,25863,"23302,563",3,0,0,2,"12931,5",1,1,appartement,pas de jardin,pas de piscine,0,80
G3053,3,3,4,41,2,5,4,68360,25898,"23334,098",1,1,1,"1,8","14387,7777777778",0,1,maison,jardin,pas de piscine,320,120
G5403,5,2,5,80,3,7,0,95897,25995,"23421,495",2,0,0,"1,5",17330,0,1,appartement,pas de jardin,pas de piscine,0,80
G5403,5,2,5,80,3,7,0,95897,25995,"23421,495",2,0,0,"1,5",17330,0,1,maison,jardin,pas de piscine,320,120
G3251,3,2,3,38,2,5,4,49605,26035,"23457,535",1,1,0,"1,3","20026,9230769231",0,1,appartement,pas de jardin,pas de piscine,0,80
G1933,1,1,3,22,5,4,2,5950,26078,"23496,278",1,0,0,1,26078,0,1,appartement,pas de jardin,pas de piscine,0,68
G1174,1,1,1,31,0,4,4,76332,26340,"23732,34",1,0,0,1,26340,1,1,appartement,pas de jardin,pas de piscine,0,28
G1771,3,2,3,40,3,5,4,51629,26463,"23843,163",1,1,0,"1,3","20356,1538461538",1,1,appartement,pas de jardin,pas de piscine,0,68
G1771,3,2,3,40,3,5,4,51629,26463,"23843,163",1,1,0,"1,3","20356,1538461538",1,1,appartement,pas de jardin,pas de piscine,0,80
G0601,3,4,4,38,2,6,4,54571,26515,"23890,015",1,2,1,"2,1","12626,1904761905",1,1,appartement,pas de jardin,pas de piscine,0,68
G0601,3,4,4,38,2,6,4,54571,26515,"23890,015",1,2,1,"2,1","12626,1904761905",1,1,appartement,pas de jardin,pas de piscine,0,80
G1805,3,2,4,46,2,6,4,50736,26542,"23914,342",1,1,0,"1,3","20416,9230769231",1,1,appartement,pas de jardin,pas de piscine,0,68
G1805,3,2,4,46,2,6,4,50736,26542,"23914,342",1,1,0,"1,3","20416,9230769231",1,1,appartement,pas de jardin,pas de piscine,0,95
G3410,3,2,5,56,3,5,4,73180,26551,"23922,451",1,0,1,"1,5","17700,6666666667",1,1,maison,jardin,piscine,1000,100
G0676,1,1,1,63,0,4,4,125179,26553,"23924,253",1,0,0,1,26553,1,1,appartement,pas de jardin,pas de piscine,0,55
G5105,1,1,1,34,6,4,2,72478,26628,"23991,828",1,0,0,1,26628,0,1,appartement,pas de jardin,pas de piscine,0,40
G5314,1,1,2,26,2,4,4,6399,27002,"24328,802",1,0,0,1,27002,1,1,appartement,pas de jardin,pas de piscine,0,50
G4591,3,5,4,33,3,6,4,43729,27140,"24453,14",1,4,0,"2,2","12336,3636363636",0,1,maison,jardin,piscine,458,100
G5149,3,3,4,32,3,6,4,56870,27162,"24472,962",1,2,0,"1,6","16976,25",0,1,maison,jardin,pas de piscine,289,110
G2949,3,2,6,49,4,5,4,125519,27179,"25064,4738",1,1,0,"1,3","20906,9230769231",1,1,maison,jardin,piscine,800,140
G4881,3,2,5,45,4,5,4,121515,27213,"25095,8286",1,1,0,"1,3","20933,0769230769",1,1,maison,jardin,piscine,800,140
G0281,5,2,4,92,6,7,0,127316,27295,"25171,449",2,0,0,"1,5","18196,6666666667",0,1,maison,jardin,pas de piscine,750,85
G0593,3,3,4,50,3,6,4,127044,27332,"25205,5704",1,1,1,"1,8","15184,4444444444",0,1,appartement,pas de jardin,pas de piscine,0,85
G0506,1,1,1,42,6,4,3,145941,27421,"25287,6462",1,0,0,1,27421,1,1,appartement,pas de jardin,pas de piscine,0,45
G3375,1,1,1,26,3,4,4,49940,27422,"25288,5684",1,0,0,1,27422,0,1,appartement,pas de jardin,pas de piscine,0,20
G4580,5,3,6,64,6,7,0,160799,27446,"25310,7012",3,0,0,2,13723,1,1,appartement,pas de jardin,pas de piscine,0,85
G4075,1,1,1,26,3,4,4,47684,27495,"25355,889",1,0,0,1,27495,1,1,appartement,pas de jardin,pas de piscine,0,20
G0243,1,1,2,35,3,4,4,119745,27620,"25471,164",1,0,0,1,27620,0,1,appartement,pas de jardin,pas de piscine,0,85
G1528,1,1,2,59,4,4,4,197684,28026,"25845,5772",1,0,0,1,28026,1,1,appartement,pas de jardin,pas de piscine,0,50
G0107,3,2,6,54,4,6,4,120930,28030,"25849,266",1,1,0,"1,3","21561,5384615385",1,1,maison,jardin,piscine,1340,140
G3694,1,1,1,27,4,4,4,44675,28128,"25939,6416",1,0,0,1,28128,1,1,appartement,pas de jardin,pas de piscine,0,85
G1674,1,1,4,33,4,4,4,125231,28143,"25953,4746",1,0,0,1,28143,1,1,maison,jardin,pas de piscine,630,75
G1050,1,1,1,32,4,4,4,126059,28164,"25972,8408",1,0,0,1,28164,0,1,appartement,pas de jardin,pas de piscine,0,45
G5175,1,1,1,59,4,4,4,182939,28176,"25983,9072",1,0,0,1,28176,1,1,maison,pas de jardin,pas de piscine,0,65
G3250,1,1,3,50,4,4,4,196917,28271,"26071,5162",1,0,0,1,28271,1,1,maison,pas de jardin,pas de piscine,0,54
G1646,1,1,4,57,4,4,4,184747,28324,"26120,3928",1,0,0,1,28324,1,1,maison,jardin,piscine,640,80
G1267,1,1,1,31,4,4,4,123266,28356,"26149,9032",1,0,0,1,28356,0,1,appartement,pas de jardin,pas de piscine,0,45
G1224,3,3,4,42,6,5,4,124697,28357,"26150,8254",1,1,1,"1,8","15753,8888888889",0,1,maison,jardin,piscine,750,95
G5386,1,1,1,26,4,4,4,45927,28385,"26176,647",1,0,0,1,28385,1,1,appartement,pas de jardin,pas de piscine,0,23
G5117,1,1,1,42,2,2,2,439111,28451,"26237,5122",1,0,0,1,28451,1,1,appartement,pas de jardin,pas de piscine,0,16
G3126,1,1,4,44,6,4,4,144392,29191,"26919,9402",1,0,0,1,29191,0,1,maison,jardin,piscine,320,67
G2774,1,1,1,27,6,4,4,42142,29321,"27039,8262",1,0,0,1,29321,1,1,appartement,pas de jardin,pas de piscine,0,25
G4450,1,1,2,38,6,4,4,121669,29506,"27210,4332",1,0,0,1,29506,1,1,maison,jardin,pas de piscine,135,38
G0987,1,1,1,49,4,2,3,439311,30597,"28216,5534",1,0,0,1,30597,1,1,appartement,pas de jardin,pas de piscine,0,35
G3072,1,1,2,63,0,2,4,498113,30611,"28229,4642",1,0,0,1,30611,0,1,maison,jardin,pas de piscine,97,54
G3926,1,1,1,60,0,2,4,498377,30660,"28274,652",1,0,0,1,30660,1,1,appartement,pas de jardin,pas de piscine,0,40
G3962,1,1,1,26,0,2,4,92727,30772,"28377,9384",1,0,0,1,30772,0,1,maison,jardin,piscine,320,67
G0588,3,3,3,61,1,4,4,168183,31120,"28698,864",1,0,2,2,15560,1,1,maison,jardin,piscine,480,65
G3580,1,1,3,54,4,2,4,556860,32854,"30297,9588",1,0,0,1,32854,0,1,appartement,pas de jardin,pas de piscine,0,69
G3546,3,2,3,52,6,4,4,221155,34161,"31503,2742",1,1,0,"1,3","26277,6923076923",0,1,maison,jardin,piscine,230,69
G3197,4,2,2,60,0,1,1,386839,35061,"32333,2542",2,0,0,"1,5",23374,0,1,appartement,pas de jardin,pas de piscine,0,69
G2935,2,4,7,51,0,1,1,446103,35327,"32578,5594",2,1,1,"2,3","15359,5652173913",0,1,appartement,pas de jardin,pas de piscine,0,69
G0855,1,1,4,42,5,3,2,399885,35445,"32687,379",1,0,0,1,35445,0,1,maison,jardin,piscine,600,80
G3386,1,1,1,55,0,3,4,416605,35566,"32798,9652",1,0,0,1,35566,1,1,maison,jardin,pas de piscine,134,55
G5181,4,2,2,30,2,1,1,188085,36105,"33296,031",2,0,0,"1,5",24070,1,1,appartement,pas de jardin,pas de piscine,0,69
G4839,1,1,3,34,6,3,2,210818,36262,"33440,8164",1,0,0,1,36262,0,1,maison,jardin,pas de piscine,95,80
G0229,4,2,2,30,0,6,2,63965,38055,"35094,321",2,0,0,"1,5",25370,1,1,appartement,pas de jardin,pas de piscine,0,45
G1466,4,2,3,49,2,6,1,79718,38311,"35330,4042",2,0,0,"1,5","25540,6666666667",0,1,maison,jardin,piscine,560,58
G2514,4,2,4,47,2,6,1,122807,38422,"35432,7684",2,0,0,"1,5","25614,6666666667",0,1,maison,jardin,piscine,320,80
G3454,1,1,1,40,5,3,4,407115,38940,"35910,468",1,0,0,1,38940,0,1,maison,pas de jardin,pas de piscine,0,45
G0591,1,1,3,36,5,3,4,234851,39034,"35997,1548",1,0,0,1,39034,0,1,maison,jardin,pas de piscine,140,75
G5166,4,2,2,43,0,6,3,119720,39395,"36330,069",2,0,0,"1,5","26263,3333333333",1,1,maison,jardin,pas de piscine,120,62
G1031,2,3,6,53,2,6,2,124220,39566,"38948,7704",2,1,0,"1,8","21981,1111111111",0,1,maison,jardin,piscine,150,165
G3163,2,4,6,44,2,6,2,75463,39623,"39004,8812",2,1,1,"2,3","17227,3913043478",0,1,maison,jardin,piscine,356,140
G1144,2,4,7,26,2,6,2,5304,39639,"39020,6316",2,2,0,"2,1","18875,7142857143",0,1,maison,jardin,piscine,655,160
G0654,2,4,5,46,3,5,2,121943,39645,"39026,538",2,1,1,"2,3","17236,9565217391",1,1,maison,jardin,piscine,680,98
G5184,1,1,1,43,6,3,4,403707,39685,"39065,914",1,0,0,1,39685,0,1,maison,pas de jardin,pas de piscine,0,40
G4206,1,1,1,40,6,3,4,409596,39933,"39310,0452",1,0,0,1,39933,1,1,maison,jardin,pas de piscine,210,45
G2045,4,2,2,37,3,6,2,468585,40125,"39499,05",2,0,0,"1,5",26750,0,1,maison,pas de jardin,pas de piscine,0,60
G4082,4,2,2,42,3,6,2,544201,40172,"39545,3168",2,0,0,"1,5","26781,3333333333",1,1,appartement,pas de jardin,pas de piscine,0,60
G3092,4,2,3,35,3,6,2,464030,40206,"39578,7864",2,0,0,"1,5",26804,0,1,maison,jardin,piscine,270,63
G5083,4,2,2,38,3,5,3,459901,40353,"39723,4932",2,0,0,"1,5",26902,1,1,appartement,pas de jardin,pas de piscine,0,35
G4829,2,6,7,53,3,6,2,421696,40712,"40076,8928",2,2,2,"3,1","13132,9032258065",1,1,maison,jardin,piscine,1340,165
G2379,2,4,5,50,3,6,2,420451,40774,"40137,9256",2,1,1,"2,3","17727,8260869565",0,1,maison,jardin,piscine,590,150
G4114,2,3,4,38,2,6,3,472899,40945,"40306,258",2,1,0,"1,8","22747,2222222222",0,1,maison,jardin,pas de piscine,580,90
G3056,2,3,5,43,2,6,3,553705,40977,"40337,7588",2,1,0,"1,8",22765,0,1,maison,jardin,pas de piscine,450,120
G1022,2,4,5,41,6,1,1,599374,40978,"40338,7432",2,1,1,"2,3","17816,5217391304",0,1,maison,jardin,piscine,1040,105
G1800,4,2,2,35,4,6,2,466805,41096,"40454,9024",2,0,0,"1,5","27397,3333333333",0,1,appartement,pas de jardin,pas de piscine,1,40
G4070,4,2,3,44,3,6,3,537909,41422,"40775,8168",2,0,0,"1,5","27614,6666666667",1,1,appartement,pas de jardin,pas de piscine,0,72
G3977,2,4,7,52,4,6,2,462115,41787,"41135,1228",2,1,1,"2,3","18168,2608695652",0,1,maison,jardin,piscine,2065,160
G0202,4,2,4,49,2,5,4,535209,42086,"41429,4584",2,0,0,"1,5","28057,3333333333",0,1,maison,jardin,piscine,430,73
G4995,4,2,2,40,1,5,4,554217,42443,"41780,8892",2,0,0,"1,5","28295,3333333333",0,1,maison,jardin,pas de piscine,200,47
G4054,2,3,7,43,1,5,4,549190,43003,"42332,1532",2,1,0,"1,8","23890,5555555556",1,1,maison,jardin,piscine,900,205
G0685,2,5,6,41,1,5,4,485366,43088,"42415,8272",2,2,1,"2,6","16572,3076923077",1,1,maison,jardin,piscine,435,140
G1726,2,4,5,50,1,5,4,426216,43144,"42470,9536",2,1,1,"2,3","18758,2608695652",1,1,maison,jardin,piscine,900,105
G1898,2,4,6,55,1,5,4,419977,43150,"42476,86",2,0,2,"2,5",17260,1,1,appartement,pas de jardin,pas de piscine,0,125
G3941,2,3,6,49,0,6,4,545034,43172,"42498,5168",2,1,0,"1,8","23984,4444444444",1,1,maison,jardin,piscine,670,140
G0112,2,3,5,54,1,5,4,442518,43347,"46251,249",2,1,0,"1,8","24081,6666666667",0,1,maison,jardin,piscine,350,125
G2317,4,2,2,39,2,6,4,466926,43376,"46282,192",2,0,0,"1,5","28917,3333333333",0,1,maison,jardin,pas de piscine,90,42
G5067,4,2,2,57,1,6,4,463025,43410,"46318,47",2,0,0,"1,5",28940,1,1,maison,pas de jardin,pas de piscine,0,34
G3904,5,5,5,54,2,6,3,544888,43983,"46929,861",3,1,1,"2,8","15708,2142857143",1,1,maison,jardin,piscine,700,120
G4089,5,4,4,55,2,6,3,557513,43984,"46930,928",3,0,1,"2,5","17593,6",0,1,maison,jardin,pas de piscine,600,110
G0068,2,4,5,38,6,6,2,475567,44056,"47007,752",2,1,1,"2,3","19154,7826086957",0,1,maison,jardin,piscine,890,108
G1476,2,3,5,48,1,6,4,490564,44264,"47229,688",2,1,0,"1,8","24591,1111111111",1,1,maison,jardin,piscine,260,100
G2113,2,4,6,59,2,6,4,419405,44266,"47231,822",2,0,2,"2,5","17706,4",0,1,appartement,pas de jardin,pas de piscine,0,135
G5028,2,4,5,27,3,5,4,451723,44306,"47274,502",2,2,0,"2,1","21098,0952380952",1,1,maison,jardin,piscine,379,145
G5271,4,2,2,47,4,5,4,546311,44363,"47335,321",2,0,0,"1,5","29575,3333333333",1,1,maison,jardin,pas de piscine,150,58
G5005,2,3,5,54,1,6,4,425925,44370,"47342,79",2,1,0,"1,8",24650,1,1,maison,jardin,piscine,550,120
G1029,4,2,4,52,4,5,4,447156,44409,"47384,403",2,0,0,"1,5",29606,1,1,maison,jardin,piscine,550,78
G3270,4,2,2,46,3,6,4,484927,44418,"47394,006",2,0,0,"1,5",29612,1,1,appartement,pas de jardin,pas de piscine,0,50
G3112,2,4,6,32,3,5,4,474335,44454,"47432,418",2,2,0,"2,1","21168,5714285714",1,1,maison,jardin,piscine,540,130
G0191,4,2,2,53,3,6,4,459007,44487,"47467,629",2,0,0,"1,5",29658,1,1,maison,jardin,piscine,240,45
G4175,4,2,2,41,3,6,4,510695,44555,"47540,185",2,0,0,"1,5","29703,3333333333",0,1,maison,jardin,pas de piscine,0,60
G1344,4,2,2,32,3,6,4,419464,44614,"47603,138",2,0,0,"1,5","29742,6666666667",1,1,appartement,pas de jardin,pas de piscine,0,55
G5301,2,5,5,51,4,5,4,493750,45375,"48415,125",2,2,1,"2,6","17451,9230769231",1,1,maison,jardin,piscine,900,120
G3479,2,4,5,50,4,5,4,501376,45495,"48543,165",2,1,1,"2,3","19780,4347826087",0,1,maison,jardin,piscine,460,105
G1731,2,4,5,31,4,5,4,438317,45534,"48584,778",2,2,0,"2,1","21682,8571428571",0,1,appartement,pas de jardin,pas de piscine,0,110
G2838,2,4,5,42,3,6,4,505909,45580,"48633,86",2,1,1,"2,3","19817,3913043478",1,1,maison,jardin,piscine,790,120
G0018,2,4,8,41,3,6,4,502575,45611,"48666,937",2,1,1,"2,3","19830,8695652174",1,1,maison,jardin,piscine,5600,185
G4611,3,2,3,45,4,3,4,757355,45877,"48950,759",1,1,0,"1,3",35290,1,1,maison,pas de jardin,pas de piscine,0,71
G3188,4,2,3,49,6,5,4,538999,46311,"49413,837",2,0,0,"1,5",30874,1,1,maison,jardin,pas de piscine,370,69
G4277,4,2,2,53,5,6,4,478231,46528,"49645,376",2,0,0,"1,5","31018,6666666667",0,1,appartement,pas de jardin,pas de piscine,0,45
G5320,2,3,7,41,4,6,4,500910,46681,"49808,627",2,1,0,"1,8","25933,8888888889",0,1,maison,jardin,piscine,2390,135
G0062,2,4,5,37,4,6,4,525348,46696,"49824,632",2,1,1,"2,3","20302,6086956522",1,1,maison,jardin,piscine,890,110
G0846,2,3,5,32,4,6,4,557429,46742,"49873,714",2,1,0,"1,8","25967,7777777778",1,1,maison,jardin,piscine,380,110
G0093,3,3,2,52,6,3,4,1061451,47790,"53859,33",1,1,1,"1,8",26550,1,1,maison,jardin,pas de piscine,340,45
G2930,5,2,6,47,4,5,4,529557,47996,"54091,492",2,0,0,"1,5","31997,3333333333",0,1,maison,jardin,piscine,340,155
G0759,4,2,2,39,0,4,4,543926,49166,"55410,082",2,0,0,"1,5","32777,3333333333",1,1,appartement,jardin,pas de piscine,370,41
G2303,2,3,6,55,5,4,2,724366,50638,"57069,026",2,0,1,2,25319,0,1,maison,jardin,pas de piscine,568,125
G1445,4,2,2,38,2,4,4,546906,50692,"57129,884",2,0,0,"1,5","33794,6666666667",0,1,maison,jardin,pas de piscine,200,60
G4216,5,3,5,49,4,4,2,626307,51577,"58127,279",3,0,0,2,"25788,5",1,1,maison,jardin,piscine,830,110
G1784,4,2,3,29,3,4,4,465130,51693,"58258,011",2,0,0,"1,5",34462,0,1,appartement,pas de jardin,pas de piscine,0,74
G3758,4,2,4,57,3,4,4,724099,51889,"58478,903",2,0,0,"1,5","34592,6666666667",0,1,appartement,pas de jardin,pas de piscine,0,78
G1001,2,4,7,29,6,4,2,482490,52039,"58647,953",2,2,0,"2,1","24780,4761904762",0,1,maison,jardin,piscine,1700,170
G2090,2,3,5,27,2,4,4,475843,52500,"59167,5",2,1,0,"1,8","29166,6666666667",0,1,maison,jardin,piscine,1400,120
G1950,2,5,6,49,6,4,4,614808,57801,"69361,2",2,2,1,"2,6","22231,1538461538",1,1,maison,jardin,piscine,2550,145
G1656,2,3,5,33,6,4,4,465955,57927,"69512,4",2,1,0,"1,8","32181,6666666667",1,1,appartement,pas de jardin,pas de piscine,0,95
G3283,5,2,5,47,6,4,4,607304,59352,"71222,4",2,0,0,"1,5",39568,0,1,maison,jardin,piscine,520,100
G2800,2,4,4,38,4,3,2,1573950,70282,"84338,4",2,1,1,"2,3","30557,3913043478",1,1,appartement,pas de jardin,pas de piscine,0,90
G0514,4,2,5,49,6,3,4,1767732,76888,"92265,6",2,0,0,"1,5","51258,6666666667",0,1,maison,jardin,piscine,900,90
G0132,2,3,8,46,4,3,4,1785230,78278,"93933,6",2,1,0,"1,8","43487,7777777778",1,1,maison,jardin,piscine,3700,165
